{"epoch":1,"_timestamp":1.7559438978923635e+09,"_wandb":{"runtime":1},"_runtime":1,"_step":0,"train/batch_loss":7.743975639343262,"train/learning_rate":0.001}