{"_runtime":49,"val/epoch_loss":7.688283443450928,"train/learning_rate":2.5e-05,"epoch":16,"_wandb":{"runtime":49},"train/epoch_loss":7.75706672668457,"train/batch_loss":7.727753639221191,"val/loss":7.688283443450928,"best_val_loss":7.688283443450928,"_timestamp":1.7559423606928973e+09,"_step":46}