{"_timestamp":1.7559451669922152e+09,"_step":1,"val/loss":7.1823954582214355,"_wandb":{"runtime":2},"_runtime":2,"train/batch_loss":7.743975639343262,"train/learning_rate":0.0001,"epoch":1}