{"_runtime":2,"train/batch_loss":7.720152854919434,"train/learning_rate":0.0001,"epoch":1,"_timestamp":1.7559459331675441e+09,"_step":0,"_wandb":{"runtime":2}}